flac_file,vad_model,detection_accuracy,detection_error_rate,missed_detection_rate,false_alarm_rate,roc_auc
DH_EVAL_0001.wav,silero,0.9117294906696864,0.113804268705918,1.505174822834492,9.875252047757307,0.8217188204433938
DH_EVAL_0002.wav,silero,0.6582545971756582,0.3578586778442091,34.700738313581105,1.0851294708398023,0.708051927117393
DH_EVAL_0003.wav,silero,0.9350727345522485,0.071530968571954,2.997610733321043,4.155486123874357,0.7834753354507316
DH_EVAL_0004.wav,silero,0.8357821835958723,0.19194689675533005,15.50336657047891,3.691323105054093,0.8126020152241171
DH_EVAL_0005.wav,silero,0.9156365213619606,0.0962926290534492,6.135156235123929,3.494106670220992,0.8475249778012548
DH_EVAL_0006.wav,silero,0.9266999999999997,0.07884829144107024,4.550181074975822,3.3346480691312013,0.7560008170480772
DH_EVAL_0007.wav,silero,0.9125619255725504,0.10001144732323489,4.470179722974852,5.5309650093486376,0.7867044146378179
DH_EVAL_0008.wav,silero,0.8729337981418777,0.13998015508434103,10.96982837822938,3.028187130204722,0.7980906482157009
DH_EVAL_0009.wav,silero,0.6681422177269722,0.37029287936360256,36.791847891803606,0.23744004455665607,0.8055817743929845
DH_EVAL_0010.wav,silero,0.6662877324650948,0.4303811882597447,39.26110968770474,3.7770091382697344,0.738850572455389
DH_EVAL_0011.wav,silero,0.9324229691876751,0.0733508279793683,2.622387114288312,4.712695683648518,0.7125947639101728
DH_EVAL_0012.wav,silero,0.939090453101488,0.06748420799140482,2.765685493581286,3.9827353055591965,0.8028813318659431
DH_EVAL_0013.wav,silero,0.9156865939078026,0.10839881381205288,2.5922730242766727,8.247608356928614,0.8434996088937171
DH_EVAL_0014.wav,silero,0.29670222183907696,0.9283452488024349,92.58768100243121,0.24684387781227693,0.5324702516536304
DH_EVAL_0015.wav,silero,0.6416494961287748,0.3775877360348063,36.94052541430777,0.8182481891728601,0.7393423537186004
DH_EVAL_0016.wav,silero,0.8790706214217754,0.1481261883829816,8.634049600294395,6.178569238003768,0.8195025436486266
DH_EVAL_0017.wav,silero,0.8028522593739985,0.260296191819464,17.175599435825117,8.854019746121283,0.7851209402207389
DH_EVAL_0018.wav,silero,0.8875115012558125,0.22533562479762945,10.580587312261805,11.952975167501139,0.8937764653166499
DH_EVAL_0019.wav,silero,0.3047711413960751,0.719057358362753,71.68818310904994,0.21755272722535804,0.617258003442061
DH_EVAL_0020.wav,silero,0.73417113858076,0.42787758368518375,26.688191627342228,16.09956674117615,0.7453677119865197
DH_EVAL_0021.wav,silero,0.8912591219588067,0.18462765811119403,7.01823883799624,11.444526973123162,0.882528240298898
DH_EVAL_0022.wav,silero,0.8842765616657768,0.13403416557161651,8.390662441060567,5.012754116101084,0.8008825796628718
DH_EVAL_0023.wav,silero,0.9025393390968637,0.19454517981263383,4.354286289916383,15.100231691347002,0.902533721441775
DH_EVAL_0024.wav,silero,0.8556564747911473,0.23004193044479418,9.808435418893522,13.195757625585895,0.8389068485471364
DH_EVAL_0025.wav,silero,0.47876046901172614,0.8292251363033138,82.17451088028216,0.7480027500492304,0.5828305646698045
DH_EVAL_0026.wav,silero,0.9500383422798645,0.05255773985935593,1.5870788979885913,3.668695087947002,0.6409407921897388
DH_EVAL_0027.wav,silero,0.9272822978433125,0.08710178603346522,0.9096140965633209,7.8005645067832,0.7984435917559607
DH_EVAL_0028.wav,silero,0.9082288519007005,0.10458722578435561,5.447211704940989,5.011510873494571,0.7957178166637504
DH_EVAL_0029.wav,silero,0.9373498799039227,0.07097505668934284,3.0574452003023893,4.0400604686318955,0.8339022351995944
DH_EVAL_0030.wav,silero,0.888757297748124,0.12976475395481823,7.259743544840688,5.716731850641136,0.7935273347659464
DH_EVAL_0031.wav,silero,0.6760871133648721,0.5002945062642279,36.64931467596353,13.380135950459257,0.6964618098709185
DH_EVAL_0032.wav,silero,0.9545094470007244,0.0481148052411093,2.3032355824939588,2.5082449416169714,0.808672941632562
DH_EVAL_0033.wav,silero,0.9349166666666662,0.0722412357783744,1.8592174636943726,5.364906114143067,0.7463170412849596
DH_EVAL_0034.wav,silero,0.2925410673583275,0.7630552729738892,76.17836554764324,0.12716174974568129,0.6169298491127436
DH_EVAL_0035.wav,silero,0.8995666666666678,0.1044005544005533,7.758142758142698,2.681912681912632,0.6210259057377101
DH_EVAL_0036.wav,silero,0.9155837648237832,0.09644670050761628,4.995992519369538,4.64867753139209,0.8144440593378717
DH_EVAL_0037.wav,silero,0.7231903780180741,0.3060171413848952,30.392896973322188,0.20881716516733856,0.8385226284401296
DH_EVAL_0038.wav,silero,0.9426310141298518,0.077891328543964,3.646665992107613,4.142466862288787,0.9238186915843194
DH_EVAL_0039.wav,silero,0.881890673133995,0.14760316043150562,8.191411520672407,6.568904522478154,0.8278514488117886
DH_EVAL_0040.wav,silero,0.942891442291203,0.0727582590456202,1.2432267086173348,6.032599195944685,0.8841555725954986
DH_EVAL_0041.wav,silero,0.5698778759132049,0.5535884697428991,53.90949534074324,1.4493516335466696,0.7038693414772509
DH_EVAL_0042.wav,silero,0.8796835187672382,0.22981097615691917,1.447370504679365,21.533727111012553,0.8755977361411682
DH_EVAL_0043.wav,silero,0.8751049300466371,0.15273514596882248,0.6872236287606894,14.58629096812156,0.6683684753348202
DH_EVAL_0044.wav,silero,0.12098361078100772,0.9823605734883126,98.20924369294225,0.026813655889016817,0.5075859415908347
DH_EVAL_0045.wav,silero,0.7029141272098905,0.5347005438339424,51.33873499244189,2.1313193909523553,0.7291440650162594
DH_EVAL_0046.wav,silero,0.8969598260424861,0.14770427727932448,2.2367395716868397,12.533688156245606,0.8452037347291621
DH_EVAL_0047.wav,silero,0.8352638247435314,0.1913192895184035,13.934641515643534,5.197287436196815,0.7703822014218606
DH_EVAL_0048.wav,silero,0.9291738898519795,0.08266054510437236,3.3188724393517166,4.947182071085519,0.8351345227909186
DH_EVAL_0049.wav,silero,0.8794307041291034,0.24573461111974185,3.7364003064116273,20.837060805562558,0.8883095419354393
DH_EVAL_0050.wav,silero,0.9164173676937626,0.13004250889216556,2.168443842622826,10.83580704659373,0.8913916567941955
DH_EVAL_0051.wav,silero,0.8876217507606231,0.20525108620657498,14.545533655310452,5.979574965347047,0.8920818749024696
DH_EVAL_0052.wav,silero,0.812253502907736,0.21865504198987232,16.89146740175655,4.974036797230678,0.7653771583382816
DH_EVAL_0053.wav,silero,0.6139174866567175,0.595304029018292,50.512890518350915,9.017512383478286,0.6648679217479875
DH_EVAL_0054.wav,silero,0.9243533965222542,0.11787591140459633,1.4709038382171205,10.316687302242512,0.902313490602658
DH_EVAL_0055.wav,silero,0.5822551684375272,0.747265440829795,72.36445073078723,2.362093352192266,0.6246929574753122
DH_EVAL_0056.wav,silero,0.27464338939748784,0.9140314768736117,90.89914907996194,0.5039986073992194,0.537374329518002
DH_EVAL_0057.wav,silero,0.34272160816607733,0.9749748029521185,97.47147043933433,0.02600985587752293,0.5109938712327036
DH_EVAL_0058.wav,silero,0.9013676764012333,0.1380213621410878,0.9320553953620426,12.870080818746734,0.8342322377168534
DH_EVAL_0059.wav,silero,0.37388976802127993,0.917152876074551,91.02431951232737,0.6909680951277297,0.5413663924187678
DH_EVAL_0060.wav,silero,0.4778741411768481,0.8493325655656182,83.56750248652045,1.3657540700413644,0.5723249269920614
DH_EVAL_0061.wav,silero,0.4372113046412327,0.612557621194468,60.80872296236255,0.4470391570842428,0.6744259955067788
DH_EVAL_0062.wav,silero,0.9303812257978366,0.07519244289809125,3.6253177335905344,3.8939265562185903,0.7424955361345656
DH_EVAL_0063.wav,silero,0.49657376560764915,0.6487382639349406,62.71683361837279,2.1569927751212696,0.6562416452891062
DH_EVAL_0064.wav,silero,0.6783022034831416,0.4430967837392961,40.01072703397505,4.298951339954559,0.7431908904559675
DH_EVAL_0065.wav,silero,0.9047117618546198,0.11684531983357486,6.560636182902623,5.1238958004548625,0.8549374275436065
DH_EVAL_0066.wav,silero,0.0430492690081536,0.9825917626649987,98.25917626649986,0.0,0.5084463378113335
DH_EVAL_0067.wav,silero,0.5476333583771598,0.7681022605500845,74.1809970913916,2.6292289636168498,0.6095432228504407
DH_EVAL_0068.wav,silero,0.9281413154075829,0.07875973527368457,3.780759808402464,4.095213718965992,0.7697891384280758
DH_EVAL_0069.wav,silero,0.8289732474691318,0.2507643490253967,18.89557593819627,6.180858964343399,0.8384344494363257
DH_EVAL_0070.wav,silero,0.9020679468242251,0.13912559531412433,1.005875590752349,12.906683940660082,0.8456705742539703
DH_EVAL_0071.wav,silero,0.9202107759022152,0.09320543034487255,0.7219437713678023,8.598599263119452,0.7399659136258558
DH_EVAL_0072.wav,silero,0.9013918143146247,0.13678320011732756,0.8219824741511762,12.856337537581581,0.8293749192300898
DH_EVAL_0073.wav,silero,0.5932555947208787,0.6834420894957043,68.07389679929756,0.2703121502728765,0.6598677176342195
DH_EVAL_0074.wav,silero,0.8388378594881447,0.26366499523434495,20.577265757738918,5.7892337656955775,0.8510511924132301
DH_EVAL_0075.wav,silero,0.8849709784411285,0.1763658900931237,1.7671550710357915,15.869433938276579,0.8420482160421872
DH_EVAL_0076.wav,silero,0.8938244853737812,0.12136107300716328,9.171620179850654,2.964487120865673,0.8498333043744221
DH_EVAL_0077.wav,silero,0.9155171848890921,0.11880024879633345,0.5597917482550019,11.320233131378343,0.8585939169011617
DH_EVAL_0078.wav,silero,0.7622566039832227,0.26334574320790133,26.003595493765015,0.3309788270251213,0.855511563537293
DH_EVAL_0079.wav,silero,0.9185692796256054,0.0926024481106977,3.976279175853423,5.283965635216347,0.7886553351533674
DH_EVAL_0080.wav,silero,0.9407999999999996,0.0634534995891248,2.0722426667619924,4.273107292150487,0.6925870895282549
DH_EVAL_0081.wav,silero,0.9160667107001322,0.10032962911789642,0.1835659159544265,9.849396995835216,0.7489711224304559
DH_EVAL_0082.wav,silero,0.8698336460287681,0.1621148393930896,1.2883862458588566,14.923097693450101,0.6897574066304888
DH_EVAL_0083.wav,silero,0.8928812997347483,0.17366087026634705,9.686886876125438,7.679200150509267,0.8884312989170042
DH_EVAL_0084.wav,silero,0.8724979403526126,0.1762564774215576,0.7181823358579018,16.90746540629786,0.7747791703929457
DH_EVAL_0085.wav,silero,0.3671717598133934,0.9911838986874378,99.11838986874379,0.0,0.5056461731493099
DH_EVAL_0086.wav,silero,0.7558447488584481,0.5290542355152854,37.36978246427405,15.535641087254486,0.7447374350065412
DH_EVAL_0087.wav,silero,0.9285833333333323,0.07968683168132834,2.5830807282465886,5.385602439886244,0.7539648101282221
DH_EVAL_0088.wav,silero,0.8814728229105789,0.13099324548776384,9.55412837264241,3.5451961761339748,0.7867856580521261
DH_EVAL_0089.wav,silero,0.9366138448707265,0.06975036710719437,2.175110132158538,4.7999265785609,0.7524143597822933
DH_EVAL_0090.wav,silero,0.5537801653776765,0.4919145727116599,47.62941240593502,1.562044865230972,0.6855020093747082
DH_EVAL_0091.wav,silero,0.9441941941941928,0.06125812654518978,2.1518175991210193,3.9739950553979586,0.7884692276857957
DH_EVAL_0092.wav,silero,0.7800889029690417,0.3113884657439515,20.804323243273735,10.334523331121408,0.7708478628650616
DH_EVAL_0093.wav,silero,0.9251168224299061,0.08200076755788714,4.875820099051527,3.3242566567371865,0.8042350436319854
DH_EVAL_0094.wav,silero,0.6105488313856426,0.5141326207333536,47.55502906416153,3.8582330091738366,0.7007734724491226
DH_EVAL_0095.wav,silero,0.587196111146392,0.7318403733764574,73.18403733764573,0.0,0.6367664541229872
DH_EVAL_0096.wav,silero,0.7611804472178889,0.3514526564031281,31.45632660073325,3.6889390395795614,0.8026632857188659
DH_EVAL_0097.wav,silero,0.4749683363260889,0.9514244280115537,94.8446133010535,0.2978295001018746,0.5228625327510139
DH_EVAL_0098.wav,silero,0.7542854108870806,0.3038890256915378,28.963637856028846,1.425264713124934,0.8252844441799754
DH_EVAL_0099.wav,silero,0.905833078619754,0.11055205227825238,0.6540600408497047,10.401145186975533,0.6971584033240534
DH_EVAL_0100.wav,silero,0.5699882268297466,0.4947603692011308,49.292414670213724,0.183622249899353,0.7479479272169048
DH_EVAL_0101.wav,silero,0.882463905775076,0.1923783701428122,5.671758739595348,13.566078274685875,0.8670937089348042
DH_EVAL_0102.wav,silero,0.8785384937823121,0.1983457874622083,8.750784324910066,11.083794421310763,0.867348218387045
DH_EVAL_0103.wav,silero,0.5993380431000302,0.5773630670797361,56.36182709388519,1.3744796140884221,0.7025677035879143
DH_EVAL_0104.wav,silero,0.7553019510684417,0.523136714844708,50.10361699451131,2.2100544899594947,0.7364768737865944
DH_EVAL_0105.wav,silero,0.5035562627103461,0.6501711194524179,63.87861558843013,1.138496356811665,0.6875298475882299
DH_EVAL_0106.wav,silero,0.9349333333333342,0.07217066587791539,2.632454616038642,4.5846119717528975,0.7767382667261257
DH_EVAL_0107.wav,silero,0.8885295450111262,0.16766809585866085,2.4882365229849,14.278573062881186,0.8450105487151082
DH_EVAL_0108.wav,silero,0.7476210840585007,0.32299259599380076,27.489730323627974,4.809529275752102,0.7757478273438314
DH_EVAL_0109.wav,silero,0.9220651321170431,0.08491406747294823,5.759752659816326,2.7316540874784985,0.8201557821992019
DH_EVAL_0110.wav,silero,0.9191947831017877,0.09189537772888323,4.720899797052485,4.468637975835838,0.8149144755397578
DH_EVAL_0111.wav,silero,0.3220794411769544,0.7342743194653873,72.68814518071756,0.739286765821171,0.5908396314240016
DH_EVAL_0112.wav,silero,0.7487925700083969,0.4690772096351561,35.727740536899994,11.17998042661561,0.75563948166686
DH_EVAL_0113.wav,silero,0.8962409364579627,0.1413880583491893,4.179124762163643,9.959681072755288,0.8401773761622637
DH_EVAL_0114.wav,silero,0.9314195109738798,0.0770586801192731,3.593196181760215,4.112671830167094,0.819298202119434
DH_EVAL_0115.wav,silero,0.24043699213042494,0.9520884249506483,95.15442034384355,0.054422151221282855,0.5230367440663956
DH_EVAL_0116.wav,silero,0.42730070118208874,0.8893695544317459,88.54961832061068,0.3873371225639156,0.5550906254786959
DH_EVAL_0117.wav,silero,0.29510047638384057,0.9275167785234895,92.5965986837818,0.1550791685671401,0.5351441692336563
DH_EVAL_0118.wav,silero,0.43387621391899595,0.7298373272995288,71.42878569714414,1.5549470328087394,0.6154397202230413
DH_EVAL_0119.wav,silero,0.8918923428609569,0.12118208173571474,8.925465257645126,3.1927429159263485,0.8242004396218898
DH_EVAL_0120.wav,silero,0.8556357631516865,0.1696351681493776,8.031401189371861,8.932115625565899,0.7025829061634331
DH_EVAL_0121.wav,silero,0.8646340005975501,0.26834439910210306,20.950728208529977,5.883711701680328,0.8637244101675884
DH_EVAL_0122.wav,silero,0.9413861714475225,0.07552934640941653,1.0448048202038147,6.508129820737839,0.8832373207595127
DH_EVAL_0123.wav,silero,0.9250437828371285,0.0865629093150467,2.6677710147160716,5.988519916788598,0.7949092618150622
DH_EVAL_0124.wav,silero,0.8960000000000004,0.1481195384541105,0.6481436778834395,14.163810167527608,0.8395251597663338
DH_EVAL_0125.wav,silero,0.8470605309153783,0.3442702119197767,26.590818703482682,7.836202488494984,0.8349803123554251
DH_EVAL_0126.wav,silero,0.9111833333333339,0.09799738869784233,5.680501664245394,4.1192372055388375,0.7718189451062053
DH_EVAL_0127.wav,silero,0.8757217468681412,0.21763399346458506,12.738246136313473,9.025153210145033,0.8748867289841817
DH_EVAL_0128.wav,silero,0.9213316790736144,0.0888344391067056,4.269395659307624,4.614048251362938,0.7995700126193247
DH_EVAL_0129.wav,silero,0.9382333333333323,0.06455546265328997,3.469899665551858,2.9856465997771395,0.6521843691280003
DH_EVAL_0130.wav,silero,0.470202527057257,0.6436733634155727,63.17138659839561,1.1959497431616597,0.6549308816040071
DH_EVAL_0131.wav,silero,0.5602497502497503,0.662547600054185,64.73958568511465,1.515174320303838,0.6606425827293252
DH_EVAL_0132.wav,silero,0.6206309055599977,0.511929143048417,48.64192310910863,2.5509911957330598,0.7196898052622352
DH_EVAL_0133.wav,silero,0.854738419618529,0.1768538453627737,13.427503226170279,4.2578813101070905,0.8359193644367997
DH_EVAL_0134.wav,silero,0.9229062765833238,0.08957364341085242,3.538759689922493,5.418604651162749,0.8163138836320012
DH_EVAL_0135.wav,silero,0.8857194960212206,0.16111570769468045,8.926876925306212,7.184693844161835,0.8674311213233
DH_EVAL_0136.wav,silero,0.9121623877407941,0.10030117037093489,3.5015820975182796,6.528534939575209,0.7537315578816806
DH_EVAL_0137.wav,silero,0.925990562132626,0.08853543556629684,0.7980430218278852,8.0555005348018,0.7901790078530144
DH_EVAL_0138.wav,silero,0.74229121998428,0.3418127276015278,29.94748543527519,4.233787324877591,0.7859325161460392
DH_EVAL_0139.wav,silero,0.16020425294253512,0.9352262693463209,93.4663534603559,0.056273474276189325,0.5302526456229082
DH_EVAL_0140.wav,silero,0.9154926067453067,0.0996741215685274,1.3989453531460572,8.56846680370668,0.7555629067154994
DH_EVAL_0141.wav,silero,0.8793218417630783,0.13300384000587934,10.202656769617981,3.097727230969955,0.7984955675005319
DH_EVAL_0142.wav,silero,0.8600554377955341,0.18357202744554285,9.2260835343838,9.131119210170484,0.8072097739524444
DH_EVAL_0143.wav,silero,0.7218288684991562,0.4340982018526367,36.28685596657989,7.122964218683779,0.7555992209234128
DH_EVAL_0144.wav,silero,0.9243007470845477,0.10465112617647962,0.5375040541093186,9.927608563538643,0.8704905079665972
DH_EVAL_0145.wav,silero,0.6484247416620686,0.5431814774357977,52.1638929940671,2.1542547495126714,0.7178699240713047
DH_EVAL_0146.wav,silero,0.8427635102229702,0.19593702305081934,3.9188211076410497,15.674881197440882,0.6624614821123771
DH_EVAL_0147.wav,silero,0.9177888591583546,0.12398883267726094,0.6746618436355183,11.724221424090576,0.8839270054945776
DH_EVAL_0148.wav,silero,0.925439839906613,0.08664896606523295,3.2364968313339295,5.428399775189366,0.8173344425190385
DH_EVAL_0149.wav,silero,0.9052844141069402,0.137796437644994,0.7539039979255601,13.02573976657384,0.8562890603717991
DH_EVAL_0150.wav,silero,0.8971353309186691,0.1250200096046111,0.2641267808547699,12.23787417960634,0.7170825032284512
DH_EVAL_0151.wav,silero,0.9342522284582362,0.08382263190016317,0.7050108382263304,7.677252351789988,0.8575256646200117
DH_EVAL_0152.wav,silero,0.5765321821036109,0.4993678044951599,49.671313874423554,0.26546657509242627,0.7440763959781946
DH_EVAL_0153.wav,silero,0.8388302402725484,0.2030668652880828,11.262822730385516,9.043863798422763,0.7696912809562837
DH_EVAL_0154.wav,silero,0.8212398530922469,0.2859045123601301,23.757006937136165,4.833444298876845,0.8383639496457621
DH_EVAL_0155.wav,silero,0.40968939330615156,0.8523674140828957,84.013249651325,1.2234917569645753,0.5658598636343211
DH_EVAL_0156.wav,silero,0.8525896414342633,0.3303509722248158,27.992790033061233,5.042307189420347,0.8379114842682635
DH_EVAL_0157.wav,silero,0.8592848365035276,0.2517655493816076,18.852841010933695,6.323713927227067,0.8644018850088314
DH_EVAL_0158.wav,silero,0.719741919357611,0.4633448354236826,43.103394838523016,3.231088703845243,0.7588914770065072
DH_EVAL_0159.wav,silero,0.7961467962758326,0.2564088692091277,20.132796763937208,5.508090156975562,0.7912993472566491
DH_EVAL_0160.wav,silero,0.49400556043125365,0.6032773175030218,60.26777616326251,0.05995558703966833,0.6968822106613367
DH_EVAL_0161.wav,silero,0.6567143514100214,0.39652083519755693,38.80218794800861,0.8498955717470782,0.7785800224505721
DH_EVAL_0162.wav,silero,0.8852989230102365,0.1222937182267411,9.241352341000436,2.988019481673673,0.7293844696725493
DH_EVAL_0163.wav,silero,0.8478808308795112,0.2694436249926263,22.14230928078361,4.8020532184790214,0.8574098958145162
DH_EVAL_0164.wav,silero,0.6344989885733526,0.39515278513764823,39.29209466585435,0.22318384791047402,0.7894365591485509
DH_EVAL_0165.wav,silero,0.8960694666846329,0.2709109324968955,17.476148467620778,9.614944782068772,0.8821874113393273
DH_EVAL_0166.wav,silero,0.6946874304930798,0.3219087221166336,31.67109440355062,0.5197778081127438,0.8056697693671313
DH_EVAL_0167.wav,silero,0.879061944656003,0.1874698700353213,7.2302076876912995,11.51677931584083,0.8586703153215417
DH_EVAL_0168.wav,silero,0.9351125938281903,0.07105801549028189,2.0312728335524977,5.074528715475692,0.7254937103300155
DH_EVAL_0169.wav,silero,0.5109548067717912,0.7201297215175088,70.81387591727825,1.1990962344726144,0.6324136863389118
DH_EVAL_0170.wav,silero,0.6586456722863354,0.43843733811768054,40.92469287107121,2.9190409406968425,0.7420165530489633
DH_EVAL_0171.wav,silero,0.18792475979672854,0.9717593373344573,97.10986558206436,0.0660681513813739,0.5152572544406303
DH_EVAL_0172.wav,silero,0.8777330631152299,0.23865119774860333,3.1047090536118436,20.760410721248487,0.8766124620249407
DH_EVAL_0173.wav,silero,0.6509914058036759,0.38095085197459044,37.108001277581664,0.9870839198773804,0.7608316429259381
DH_EVAL_0174.wav,silero,0.9000148172538704,0.13459079354736994,3.397181462988602,10.061897891748393,0.8375973774091714
DH_EVAL_0175.wav,silero,0.9134447004608295,0.10099029674336978,0.6859297978119709,9.413099876525006,0.7150549088836086
DH_EVAL_0176.wav,silero,0.9180157373008578,0.09586137621201596,0.6324300524356756,8.953707568765921,0.7323571079628726
DH_EVAL_0177.wav,silero,0.8690367485073918,0.17272394234534627,6.379825082216371,10.892569152318256,0.7961578500293088
DH_EVAL_0178.wav,silero,0.2364223457719294,0.9321116325018525,93.19733267473453,0.013830575450724423,0.5336833350660152
DH_EVAL_0179.wav,silero,0.938,0.06930988224772706,2.172454911313181,4.758533313459525,0.7870425694977075
DH_EVAL_0180.wav,silero,0.89568727940821,0.14526174044773543,1.5653930314761513,12.960781013297392,0.8293990743969692
DH_EVAL_0181.wav,silero,0.2419419540368769,0.9957675361558225,99.57675361558225,0.0,0.5020008003201281
DH_EVAL_0182.wav,silero,0.9314198035324142,0.07577209405174279,2.810127515294509,4.76708188987977,0.7603716360314684
DH_EVAL_0183.wav,silero,0.6367801065019802,0.5122841261085432,46.818162530811705,4.410250080042615,0.7106198113549673
DH_EVAL_0184.wav,silero,0.8956935403104654,0.1237940529725235,7.50609164206896,4.87331365518339,0.8334299724779703
DH_EVAL_0185.wav,silero,0.8870523875444067,0.1245860622562366,8.470086099050711,3.9885201265729484,0.766420266174506
DH_EVAL_0186.wav,silero,0.6376386375218209,0.46230608727206496,43.318299831952885,2.9123088952536116,0.7332841811495668
DH_EVAL_0187.wav,silero,0.9223299685586624,0.09240461471827444,2.3994960034650226,6.8409654683624215,0.8081374043625371
DH_EVAL_0188.wav,silero,0.8091320221023555,0.2198416862554191,16.80137288588263,5.182795739659282,0.7453745548608964
DH_EVAL_0189.wav,silero,0.6307800395076346,0.763059713640183,74.34937460526237,1.9565967587559279,0.6180535768031139
DH_EVAL_0190.wav,silero,0.5376913324468898,0.6647015409786512,65.54005388534699,0.9301002125181224,0.659645038315149
DH_EVAL_0191.wav,silero,0.8481472556894242,0.2049224454697538,13.89044451590288,6.6018000310724965,0.8357867977128742
DH_EVAL_0192.wav,silero,0.8809263228789567,0.1677064521425066,10.591674419453144,6.178970794797515,0.8712117048511566
DH_EVAL_0193.wav,silero,0.940323656990324,0.06536317953403349,2.258565555047996,4.277752398355352,0.7668524645185664
DH_EVAL_0194.wav,silero,0.5421959837829085,0.5129778073696146,51.09223800314957,0.20554273381189234,0.7360800482845404
DH_EVAL_0195.wav,silero,0.9199219396024205,0.108118971061094,4.2046266523758735,6.607270453733527,0.8847897558444836
DH_EVAL_0196.wav,silero,0.9095256487470217,0.10869103606650177,0.6682841279078263,10.200819478742352,0.7430580811291924
DH_EVAL_0197.wav,silero,0.8833882603280042,0.16530559693943353,7.202174032996781,9.328385660946577,0.8502287819125802
DH_EVAL_0198.wav,silero,0.9318731143004789,0.07733353516622776,3.865730666616142,3.8676228500066343,0.8374855952092678
DH_EVAL_0199.wav,silero,0.34796972609322435,0.8088163648973183,80.63976248201708,0.24187400771475764,0.5912097825823955
DH_EVAL_0200.wav,silero,0.921711343866499,0.10429342334401402,0.9072732354395797,9.522069098961822,0.8522703967170202
DH_EVAL_0201.wav,silero,0.8912320963541672,0.13185835294953246,0.35871501887301566,12.827120276080231,0.6959669117017522
DH_EVAL_0202.wav,silero,0.9482180982098856,0.06725539130991375,0.3882169748938895,6.337322156097485,0.8925443153845095
DH_EVAL_0203.wav,silero,0.909572293811222,0.1267075864597962,1.469096243004153,11.201662402975469,0.8549153710892194
DH_EVAL_0204.wav,silero,0.5740050510266348,0.6477126733219771,62.11517049077364,2.6560968414240604,0.6649315387593383
DH_EVAL_0205.wav,silero,0.7537889141501034,0.4591962191954996,41.4730983524952,4.446523567054764,0.7659078232600278
DH_EVAL_0206.wav,silero,0.2343728796932854,0.8992886990720828,89.83707675290358,0.09179315430469066,0.5482086408437639
DH_EVAL_0207.wav,silero,0.3315180658993829,0.9043160998486343,90.18487571417319,0.2467342706902359,0.54932193375085
DH_EVAL_0208.wav,silero,0.5379060773480666,0.717395592990642,70.7308705087188,1.008688790345405,0.6365619019130919
DH_EVAL_0209.wav,silero,0.8298994495179315,0.29757713236010236,9.038785365378404,20.718927870631838,0.8207485521679501
DH_EVAL_0210.wav,silero,0.5189999999999998,1.6440587092017955,12.572883854969575,151.83298706520998,0.654931961388615
DH_EVAL_0211.wav,silero,0.6540412832628696,0.42158718741855333,38.97517127958126,3.1835474622740687,0.7318202550667827
DH_EVAL_0212.wav,silero,0.8119334854907082,0.2783703174618487,21.279789195293517,6.5572425508913526,0.8243675750162828
DH_EVAL_0213.wav,silero,0.8908616711806592,0.12208715167383692,9.367869833551559,2.8408453338321324,0.8380126680298691
DH_EVAL_0214.wav,silero,0.15889771899527746,0.9334062364896043,93.20983393339174,0.1307897155687015,0.5289433195400753
DH_EVAL_0215.wav,silero,0.8638327822699448,0.18770645679524858,12.374095200274414,6.396550479250443,0.852152138187833
DH_EVAL_0216.wav,silero,0.9030810973771479,0.14442437801557995,0.9977807128673447,13.44465708869065,0.8579673326212771
DH_EVAL_0217.wav,silero,0.8055596699111303,0.25011567773543797,18.633301578660785,6.378266194883009,0.794836254570332
DH_EVAL_0218.wav,silero,0.9287015843540687,0.08445303525149733,0.4985238362222948,7.946779688927438,0.7816104916488329
DH_EVAL_0219.wav,silero,0.7445360298416505,0.361495957846952,28.993272011615023,7.156323773080177,0.7682368439102193
DH_EVAL_0220.wav,silero,0.7728052950762729,0.42373113598286083,39.982685276879934,2.3904283214061492,0.7859495964495553
DH_EVAL_0221.wav,silero,0.8795146538487214,0.13449464368886835,9.877969259431739,3.571495109455094,0.7971244440561562
DH_EVAL_0222.wav,silero,0.620028184595934,0.5828207226043639,56.59121440764411,1.690857852792285,0.700601233832024
DH_EVAL_0223.wav,silero,0.6287467353465221,0.6638242741887992,64.11106530828576,2.271362110594177,0.667569080764547
DH_EVAL_0224.wav,silero,0.6950867834721591,0.4600875715729206,40.53652447843412,5.472232678857938,0.7433721542344484
DH_EVAL_0225.wav,silero,0.7590060674194453,0.3572881688276677,26.932032647859018,8.796784234907749,0.7754290382418338
DH_EVAL_0226.wav,silero,0.6110398805558439,0.5735320976380287,55.525828664511245,1.8273810992916326,0.7040564743308209
DH_EVAL_0227.wav,silero,0.7860680381542972,0.2671664823748131,20.38389410711613,6.332754130365176,0.77031055979139
DH_EVAL_0228.wav,silero,0.8830547741188143,0.13906763484660742,0.10232796111536563,13.804435523545378,0.6353288760197191
DH_EVAL_0229.wav,silero,0.8274156651738248,0.32667760369338084,26.600759899737277,6.067000469600811,0.8331935441690173
DH_EVAL_0230.wav,silero,0.9068921804109954,0.10524132730015077,7.072021116138792,3.4521116138762844,0.8336680576291458
DH_EVAL_0231.wav,silero,0.854362864686027,0.17318062780411686,8.726389788546348,8.59167299186534,0.731497390169639
DH_EVAL_0232.wav,silero,0.8987472685115677,0.11682063125481192,5.93725943033108,5.744803695150112,0.7833002941246293
DH_EVAL_0233.wav,silero,0.9147041753990002,0.11492487711211925,1.5626255758841836,9.929862135327742,0.8479836076521529
DH_EVAL_0234.wav,silero,0.9307439478118693,0.08155686975656688,2.846926144959312,5.308760830697377,0.8378559011682016
DH_EVAL_0235.wav,silero,0.46163331243545297,0.5832602918091094,57.926954718012745,0.39907446289819837,0.6867100115070003
DH_EVAL_0236.wav,silero,0.6795279449401096,0.3453588448680566,34.255281314460525,0.2806031723451326,0.8107482539866759
DH_EVAL_0237.wav,silero,0.889945517582962,0.11820406426215536,10.958612618363643,0.861793807851894,0.9003606765437215
DH_EVAL_0238.wav,silero,0.44437421286505185,0.607286692315418,60.35727024340923,0.37139898813256605,0.6780222361310988
DH_EVAL_0239.wav,silero,0.8987243886318572,0.1234317291155659,0.4488829279490805,11.894289983607509,0.7262975068673367
DH_EVAL_0240.wav,silero,0.871867792806831,0.30961122093570653,20.954532617904647,10.006589475666003,0.8798883790125922
DH_EVAL_0241.wav,silero,0.7401493594241308,0.31376113683475676,24.22951636278787,7.146597320687804,0.7066695077216597
DH_EVAL_0242.wav,silero,0.9256380316930775,0.08727828027722331,3.617996006108252,5.109832021614079,0.8353843852711897
DH_EVAL_0243.wav,silero,0.9063597386688439,0.13342584269336127,0.8165841936994732,12.526000075636656,0.8536203078690479
DH_EVAL_0244.wav,silero,0.89694215820759,0.18127073489494366,3.318085855031732,14.808987634462634,0.8864156334162202
DH_EVAL_0245.wav,silero,0.5034509506160361,0.6572170166001502,64.02662097287289,1.695080687142133,0.6523548055366641
DH_EVAL_0246.wav,silero,0.9221726039446528,0.09339287526641654,6.288440069014467,3.0508474576271865,0.8888853724790009
DH_EVAL_0247.wav,silero,0.9199579516443915,0.0996530735193297,3.826578307746584,6.138729044186386,0.8569577208098318
DH_EVAL_0248.wav,silero,0.9362560426737799,0.06806935099149047,3.4728897433157933,3.3340453558332546,0.7375392152561872
DH_EVAL_0249.wav,silero,0.7995031760057352,0.21972520646057137,18.99071840970544,2.9818022363516965,0.7507896593737471
DH_EVAL_0250.wav,silero,0.8945666666666668,0.1214809693897145,6.922840573030649,5.225256365940802,0.7937691240072339
DH_EVAL_0251.wav,silero,0.6995673424120504,0.4250204102110343,38.98236284110129,3.519678180002138,0.7630231173252352
DH_EVAL_0252.wav,silero,0.8498306276364567,0.3626044616607379,29.54789224726651,6.712553918807281,0.8258990942374551
DH_EVAL_0253.wav,silero,0.9053155657292364,0.11910261182901842,1.122969245862426,10.787291937039416,0.784619529938658
DH_EVAL_0254.wav,silero,0.629804216621142,0.49007652100105237,48.00079682310094,1.0068552770042944,0.7442321339577903
DH_EVAL_0255.wav,silero,0.8726238911492018,0.13878744935593598,10.237822713976966,3.640922221616634,0.7458113436457385
DH_EVAL_0256.wav,silero,0.5604503288866078,0.7753356269915322,75.84424477714134,1.689317922011872,0.6092955418701993
DH_EVAL_0257.wav,silero,0.9209856603725028,0.09502197666140387,0.7670551273717375,8.735142538768649,0.7804929254876716
DH_EVAL_0258.wav,silero,0.6181879110291961,0.7372530720174221,72.42806035153212,1.2972468502100767,0.6296700941323217
DH_EVAL_0259.wav,silero,0.7709133489461362,0.24879190192786982,22.25443817081234,2.6247520219746447,0.7378530702224892
